Year,Team,Game Name,Robot Micro-Archetype,Technical Specifications,Key Characteristic & Competitive Advantage
2026,4414,REBUILT,Central Turret Vector Shooter,Low-profile pancake bearing turret; internal elastomer star-wheel feeder.,Ultra-low center of gravity; flawless 360° on-the-fly firing with zero sphere jams.
2026,1323,REBUILT,Symmetrical Bi-Directional Fixed Hood,Dual flywheels facing opposite vectors; automated internal gate shifter.,Eliminated turret rotational mass; routes balls to optimal exit vector instantly based on drive vector.
2026,254,REBUILT,Pre-Compressed Accelerator Tower,Low-durometer polyurethane vertical rollers; 1x linear flywheel.,"Squeezes fuel spheres to exactly 85% volume prior to launch, neutralizing ball-density variances."
2026,4065,REBUILT,Perimeter-Wide Gravity Dump Hopper,Flexible sheet-polycarbonate funnel; dual high-torque floor conveyor belts.,"Optimized for ""burst-scoring""; hoards maximum capacity and unloads 10 balls/sec when hubs activate."
2026,1678,REBUILT,Serpentine Indexer / Single-Pivot Launcher,S-shaped polycord internal track; break-beam sensor array.,"Drives fuel into a perfect single-file stream, isolating incoming ball inertia from the flywheels."
2026,2910,REBUILT,Under-Bumper Continuous Roller Sweeper,Ground-flush flexible surgical tubing wraps; concentric backing launcher.,"Sweeps field boundaries seamlessly, passing balls directly into a continuous-contact curved accelerator track."
2026,2056,REBUILT,High-Pressure Pneumatic Punch Catapult,Dual-piston high-flow stroke assembly; isolated staging pockets.,"Replaces traditional flywheel spin-up time with raw, mechanical impact force per ball."
2026,1690,REBUILT,Low-Profile Tilting Pitch-Adjust Shooter,"Under-12"" frame chassis sub-assembly; brushless smart servo gear reduction.",Dynamically alters launch angle from 15° to 75° in under 100ms based on field localization data.
2026,581,REBUILT,Bi-Directional Over-Bumper Collector Hopper,Counter-rotating dual overhead roller shafts; open central catch basin.,Intakes game pieces from both front and rear headings without turning the chassis structure around.
2026,118,REBUILT,Monolithic Sky-Hook Launcher Matrix,Carbon-fiber telescoping pneumatic mast; integrated climber brackets.,"Merges the structural frame of the launcher with the endgame climb hooks, saving 12 lbs of dead weight."
2025,2910,REEFSCAPE,Multi-Tiered Lift / Single-Axis Wrist,Continuous-rigging 4-motor elevator; active-wheel roller claw; TOF sensor.,Instantly automates coral tube placement on node contact via localized distance feedback.
2025,1690,REEFSCAPE,Virtual Four-Bar Parallel Linkage Arm,Rigid parallel coordinate linkages; high-reduction brushless pivot.,Mechanically maintains a perfect perpendicular orientation to reef branches across all vertical tiers.
2025,254,REEFSCAPE,Concentric Dual-Carriage Stacking Lift,Nested inner/outer carriages; active-roller algae scraper blades.,Scrapes and clears algae independently while the primary lower jaw maintains a lock on a coral tube.
2025,4414,REEFSCAPE,Pass-Through Open-Chassis Coral Shuttle,Completely hollow frame core; non-rotational straight floor-track.,Receives coral at front bumper and moves it linearly to the rear elevator carriage with zero handoff delays.
2025,1678,REEFSCAPE,Pneumatic Dual-Jaw Rigid Clamping Grabber,"Custom-molded high-friction silicone pads; high-flow 1.5"" cylinders.",Replaced heavy motorized rollers with a 100% rigid mechanical grip immune to tube slippage.
2025,1323,REEFSCAPE,Turreted Telescoping Boom Extender,Single-stage carbon fiber nested slide; heavy-duty slewing turret ring.,Parks at a static reef face and scores on three adjacent columns by extending diagonally.
2025,2056,REEFSCAPE,Industrial Steel Slide Cascading Mast,Heavy-duty drawer-slide rail profiles; high-tension steel cables.,Eliminates structural mast flex completely when fully extended to Level 4 during defensive hits.
2025,971,REEFSCAPE,Double-Jointed Carbon Arm with Vision Network,Dual direct-drive brushless encoders; real-time neural network tracking.,Automatically adjusts arm joints to compensate for chassis sway or defensive ramming in real-time.
2025,1114,REEFSCAPE,Passive Inclined Gravity-Slide Dropper,Un-motorized sheet-aluminum ramp; mechanical trip-gate latch.,"Relies on gravity to cleanly drop coral onto reef branches, eliminating active claw electronics."
2025,5990,REEFSCAPE,Inverted Lower-Chassis Algae Harvester,Counter-rotating compliant wheels; rear-facing collection chute.,Specialized archetype built to clear bottom-tier algae and launch them backward into the processor.
2024,1690,CRESCENDO,Under-Bumper Flush Intake / Low Pivot,Ground-level belly pan tracking path; low rear-axis flywheel arc.,Zero elevator structure allows an ultra-low center of gravity to shoot flat rings while drifting at 18 ft/s.
2024,254,CRESCENDO,Over-and-Under Hand-Off Jaw / Swivel Hood,Dual interlocking tooth linkages; single-pivot twin-flywheel launcher.,Articulates between Speaker (high angle launch) and Amp (vertical drop) in under 80ms via active code.
2024,1323,CRESCENDO,Large-Bore Hollow-Axis Turret Launcher,24-inch internal diameter open turret ring; continuous floor feed.,"Allows flat notes to rise up through the exact center of rotation at any angle, decoupling driving from aiming."
2024,2910,CRESCENDO,"Single-Jointed Amp ""Slam-Dunk"" Arm",180-degree rear-rotating pivot arm; active fast-reversing roller jaw.,"Drives flush against the Amp wall slot and shoots notes directly downward, ensuring zero bounce-outs."
2024,3255,CRESCENDO,Linear Elevating Shooter Carriage,Compact 2-foot vertical linear guide rails; variable-pitch flywheel.,Physically lifts the entire shooter axis over the bumpers of defending robots to bypass blocking arrays.
2024,118,CRESCENDO,Split-Roller Variable Differential Launcher,Split top/bottom roller configuration; asymmetric motor controllers.,"Rotates top rollers 15% faster than bottom rollers, inducing a gyro-spin that stabilizes flat note flight paths."
2024,4414,CRESCENDO,Rigid Coaxial Frame-Fixed Flywheel Array,Static chassis rail mounts; continuous software trajectory scaling.,Completely non-articulating; relies entirely on high-frequency swerve odometry calculations to shoot on the move.
2024,179,CRESCENDO,Vertical Side-Pocket Indexing Channel,Flat vertical sheet-polycarbonate guides; narrow belt lifter.,"Orients notes vertically inside the frame perimeter, slashing cross-sectional wind resistance and footprint."
2024,6045,CRESCENDO,Passive-Handoff Upward Launch Basket,Stationary floor roller track; angled 45° launch tray; catch net.,"Blasts notes from floor level directly into an upper stationary collection tray, eliminating internal elevators."
2024,971,CRESCENDO,Multi-Axis Trajectory-Tracking Wrist,Direct-drive brushless wrist hub; high-resolution absolute encoders.,Automatically adjusts note entry angle relative to the speaker aperture down to a fraction of a degree.
2023,1323,CHARGED UP,Telescoping Carbon Boom on Swerve Module,3-stage nested square carbon tubes; internal high-speed dyneema ropes.,Extreme extension speeds; carbon profile is virtually immune to permanent bending from field impacts.
2023,4414,CHARGED UP,Virtual Four-Bar Parallel Linkage Arm,Active chain-driven dual joint assemblies; parallel claw alignment.,"Keeps the intake claw perfectly parallel to the floor across its entire extension arc, easing driver control."
2023,254,CHARGED UP,Vertical Mast Lift with Horizontal Probe,Dual-stage aluminum box mast; pneumatic horizontal linear slides.,"Executes pure orthogonal ""in-and-out"" grid placement trajectories, removing mechanical rotation errors."
2023,2056,CHARGED UP,Static 45-Degree Inclined Telescoping Rail,Single heavy-duty linear slide profile; frame-welded diagonal mounts.,"Replaced heavy rotating arms with a static diagonal slider, cutting weight and eliminating joint backlash."
2023,1678,CHARGED UP,Turreted Cascading Mast Elevator,5-foot aluminum extrusion vertical lift; heavy base slewing ring.,Grants full 360-degree pick-and-place capabilities around the entire exterior frame perimeter.
2023,2910,CHARGED UP,Single-Pivot Arm / Compliant Wheel Grabber,High-reduction rotational hub; low-durometer green compliant wheels.,Grabs cones completely off-axis from the floor and forces them into standard vertical alignment using wedges.
2023,118,CHARGED UP,Under-Chassis Internal Cone Up-Righter,Front bumper pocket recess; dual-sided vertical roller shafts.,Driving over a fallen cone automatically funnels and flips it upright inside the frame perimeter before lifting.
2023,5406,CHARGED UP,Gas-Spring Counterweighted Single-Pivot Arm,Multi-link high-pressure gas strut assists; single box-tube arm.,"Perfectly balances mechanism weight, ensuring lightning-fast movements with minimal motor amp draw."
2023,6045,CHARGED UP,Telescoping Slide with Pneumatic Flip-Wrist,Custom internal rack-and-pinion slider; 180° rotary wrist actuator.,Automatically flips 180° depending on whether sensor tracking identifies a cone or a cube on the floor.
2023,2767,CHARGED UP,Venturi Vacuum Suction Cup Matrix Arm,Localized multi-stage venture vacuum generator; bellowed cup seals.,Instantly secures game pieces from any flat surface or face without needing active mechanical jaws.
2022,254,RAPID REACT,Differential Dual-Motor Flywheel Turret,360° rotation ring; independent dual-motor launcher shaft controls.,Dynamically alters spin ratios (top/back spin) to instantly kill ball kinetic energy upon hitting the hub.
2022,1619,RAPID REACT,Full-Width Wide-Mouth Static Shooter,Non-turreted rigid frame mounts; oversized front intake rollers.,"Sacrificed turret tracking for brute mechanical reliability, relying entirely on swerve coding to face targets."
2022,1323,RAPID REACT,Dual-Stage Vertical Twin Flywheel Turret,Stacked twin independent flyer housings; separate index gating.,"Captures, isolates, and launches two cargo balls simultaneously on distinct trajectories."
2022,179,RAPID REACT,Overlapping Polycord Linear Lift Indexer,Dense grid array of vertical polycord loops; high-traction backing.,"Encases the ball completely, ensuring positive tracking toward the shooter regardless of robot G-forces."
2022,6045,RAPID REACT,Deployable Active-Roller Intake Extension Wings,Articulated pneumatic side panels; continuous roller linkages.,"Extends 8 inches past standard bumpers on both sides, widening the horizontal sweep area to clear paths."
2022,1678,RAPID REACT,Concentric Horizontal Internal Spindexer Plate,Motorized centrifugal sorting floor pan; perimeter exit gates.,"Spins chaotic multi-ball floor entries into an organized, single-file stream feeding the main elevator."
2022,2056,RAPID REACT,High-Mass Heavy Solid-Steel Flywheel Array,Custom-milled solid steel mass plate; 4-motor spur transmission.,"Stores massive rotational inertia, preventing any RPM drop-off during rapid, back-to-back dual-ball shots."
2022,3310,RAPID REACT,High-Angle Vertical Chimney Catapult,Spring-loaded pneumatic linkage lever; under-chassis launch cradle.,"Pushes balls vertically straight out of the top center frame, optimizing high-percentage shots from under the hub."
2022,973,RAPID REACT,Internal Helical Sheet-Polycarbonate Auger,Large-diameter vertical core screw; curved tracking barrel walls.,"Mechanically isolates individual balls into distinct flights as the auger turns, preventing internal jams."
2022,118,RAPID REACT,Segmented Flexible Sheet-Steel Spring Hood,Continuous pneumatic piston linkage; spring-steel sheet arc.,"Creates a smooth, continuous variable-radius curve to dynamically alter ball exit trajectories."
2019,1323,DEEP SPACE,Turreted Cascading Elevator / Pass-Through Jaw,Heavy-duty lift mast on slewing ring; symmetric dual-sided claw.,Intakes panels at front loading zones and scores them out the rear face without spinning the main turret.
2019,254,DEEP SPACE,Parallel Linkage Arm with Active Suction Cups,Multi-joint geometric arm links; active venturi vacuum grid pumps.,"Slams onto hatch panels at any angle and holds a rigid, flush vacuum seal with zero mechanical lip errors."
2019,973,DEEP SPACE,Minimalist Single-Stage Elevator with Beak Clasp,Lightweight single box-tube carriage; pneumatic expanding probe.,"Explodes a central beak outwards inside the panel center bore, stripping weight out to maximize acceleration."
2019,148,DEEP SPACE,Dual-Clutch Single-Motor Lifting Winch,Shifting dog gearbox; heavy-duty chassis stilt legs.,Shifts full motor power from the vertical elevator over to deploying 15-inch structural hab-climb stilts.
2019,118,DEEP SPACE,Overhead Sweeping Parallel Linkage Carrier,Arc-swing arm links; combined hatch/cargo gripper head.,"Moves pieces from a low floor roller to high rocket bays in an overhead sweep, protecting the load internally."
2018,254,POWER UP,Cable-Rigged Continuous Cascading Elevator,Continuous wire-rope configurations; dual brushless drive motors.,"Eliminates cable backlash and tension changes across the entire stroke, delivering smooth high-scale drops."
2018,148,POWER UP,Double-Box Cascade / Side-Shifting Claw Tray,Parallel aluminum box extrusions; sliding pneumatic carriage tray.,Allows the intake claw to shift 4 inches left or right to pick up off-center cubes without turning the wheels.
2018,1678,POWER UP,Continuous Elevator / Top-Down Roller Flap,Ultra-thin steel cable rigging; overhead compliant roller flap.,"Drags cubes over the bumpers by gripping their top faces, entirely bypassing floor jamming risks."
2018,1323,POWER UP,Broad-Stance Dual-Mast Elevator Assembly,Separate tracking masts; high-durometer intake rollers.,"Spans the full width of the internal chassis frame, enabling cube collection while traveling at max speed sideways."
2017,2767,STEAMWORKS,Coaxial Swerve Module / Custom Boiler Hopper,Early independent swerve drives; 3D-printed internal gear sets.,"Slipped past tank-drive defensive arrays to maintain a continuous, unhindered stream of fuel into goals."
2017,254,STEAMWORKS,Passive Spring-Steel Side-Loading Gear Pocket,Rigid interior sheet metal channel; spring-steel tension flaps.,"Human players drop gears straight into the chassis side slot, removing active floor claw mechanisms."
2017,1678,STEAMWORKS,Active Floor Gear Sweeper / Orientation Flip,Wide-face floor roller claw; single pneumatic rotary links.,Scoops flat gears off the carpet and flips them to a perfect vertical alignment in under 0.5 seconds.
2017,118,STEAMWORKS,Central Archimedes Screw Fuel Elevator,Sheet-metal cone hopper; internal large-bore plastic auger.,Centrally aggregates fuel and lifts them up into a single high-speed flywheel mounted over the center line.
2016,330,STRONGHOLD,Monolithic Box-Tube Single-Jointed Pivot Arm,Heavy-gauge aluminum box links; massive chain gear reduction.,Structurally indestructible arm used to physically self-right the robot by pressing it against the arena floor.
2016,971,STRONGHOLD,Counter-Rotating Concentric Dual-Joint Arm,Nested joint axes; highly tuned closed-loop control algorithms.,"Folds completely flat within the bumper profiles, launching projectiles from any point along its geometric arc."
2015,1114,RECYCLE RUSH,Bottom-Up Stack-Building Dual Elevator,Dual independent carriages; bottom-index lifting fingers.,Builds full 6-tote stacks internally by lifting the existing stack and sliding a new tote underneath.
2015,148,RECYCLE RUSH,"Symmetrical Tape-Measure ""Can Burglar""",Twin high-speed motorized tape reels; spring-steel hook tapes.,Deployed 15-foot flexible hooks to snare recycling containers off the center step in under 200 milliseconds.
2014,254,AERIAL ASSIST,Dual-Piston Under-Bumper Pneumatic Catapult,"Sheet-aluminum cradle; twin 2"" bore cylinders; dump valves.","Delivers immense, highly regulated pneumatic force to launch massive 25-inch exercise balls precisely."
2014,1114,AERIAL ASSIST,Surgical Tubing Winch-Released Slingshot,30x loop surgical tubing bank; motorized dog-clutch winch.,"Stores massive mechanical energy via elastic banks, releasing instantaneously via a drop-dog gearbox."
2013,254,ULTIMATE ASCENT,Horizontal Single-Wheel Friction Flywheel,Machined curved aluminum arc track; high-traction rubber linings.,"Forces frisbees to roll along a continuous perimeter rail, inducing maximum gyroscopic flight stability."
2012,254,REBOUND RUMBLE,Vision-Tracked Adjustable-Hood Turret,360° slewing ring; multi-position pneumatic hood flaps.,"Integrated automated camera targets straight into a turret, altering launch range via pneumatic flaps."
2011,254,LOGO MOTION,Continuous Lift Mast / Motorized Wrist Joint,Continuous-wire-rope wire rigging; high-torque wrist gearbox.,Keeps flexible inflatable tubes perfectly level relative to the floor across all vertical grid drop levels.
2010,469,BREAKAWAY,Continuous Overhead Open Diverter Funnel,Tower-matching structural deflection plates; passive exits.,Parked underneath the human return loops and redirected balls straight to targets without them hitting the floor.
2008,1114,OVERDRIVE,High-Torque Roller Forklift / Arm Combo,Dual independent arm linkages; high-friction roller bars.,"Sweeps, clamps, lifts, and hurls 40-inch trackballs over an 8-foot overpass without losing driving speed."
2008,148,OVERDRIVE,Hexagonal Omnidirectional Pure Kinetic Shunt,3-wheel omnidirectional drivetrain; no active manipulators.,Had no front or back; served as a lightning-fast defensive block that cycled laps around the arena.
2002,71,ZONE ZEAL,Floor-Locking Industrial Walking Shunt,Industrial carding/file metal plates; pneumatic walking tracks.,"Drops plates out of the chassis floor to dig into the carpet, developing thousands of pounds of force to drag goals."
1996,71,HEXAGON HAVOC,Monolithic Heavy Steel Floor-Sweeper Wedge,Heavy-gauge welded steel plow; high-torque tank tracks.,"Plows blindly across the gym floor surface, collecting and shifting massive quantities of balls into low basins."
